{"train_loss": [1.5631948232650756, 1.3499783413750785, 1.0039150595664978, 0.6970700689724514, 0.47862434472356524, 0.36304496952465604, 0.26011535355022974, 0.1789220684341022, 0.1641107514500618, 0.14061683118343354], "train_accuracy": [53.79061371841155, 82.12996389891697, 88.62815884476534, 93.14079422382672, 94.49458483754513, 94.49458483754513, 97.0216606498195, 98.55595667870035, 97.65342960288808, 97.56317689530685], "val_loss": [1.484351338659014, 1.1289147921970912, 0.821002197265625, 0.4697272377354758, 0.32969126147883276, 0.23843683685575212, 0.1356871070606368, 0.11064587788922446, 0.07166137652737754, 0.06875847588692392], "val_accuracy": [75.36101083032491, 89.98194945848375, 91.87725631768953, 96.028880866426, 96.93140794223827, 96.75090252707581, 98.82671480144404, 98.64620938628158, 99.45848375451264, 99.45848375451264]}