{"train_loss": [0.527645280957222, 0.08633124524993556, 0.021557617619899768, 0.006642673769965768, 0.00693060709413008, 0.008819252299560633, 0.02150228770458073, 0.03317555303219706, 0.033630074261288556, 0.04099983550840989], "train_accuracy": [82.03971119133574, 97.56317689530685, 99.63898916967509, 100.0, 99.81949458483754, 99.81949458483754, 99.18772563176896, 99.0072202166065, 98.64620938628158, 98.64620938628158], "val_loss": [0.03886895242280194, 0.015395878820813128, 0.00299090304220694, 0.0007008267520827108, 0.0019632755538623314, 0.00430648658449562, 0.00396683477114753, 0.0017042348656104878, 0.027618978310575974, 0.0035596454865299164], "val_accuracy": [99.18772563176896, 99.63898916967509, 100.0, 100.0, 99.90974729241877, 99.90974729241877, 99.90974729241877, 100.0, 99.18772563176896, 99.90974729241877], "best_epoch": 3, "best_val_acc": 100.0, "model_info": {"total_params": 27523199, "trainable_params": 27523199, "non_trainable_params": 0, "size_mb": 106.05512619018555}}