{"train_loss": [0.5580245583185128, 0.1460190032475761, 0.06476563999229776, 0.018192945881414093, 0.0012423445501813799, 0.0015948953737928864, 0.023743489020957246, 0.08620532478338906, 0.1409614223853818, 0.03500483644851816], "train_accuracy": [80.68592057761732, 94.31407942238268, 97.56317689530685, 99.36823104693141, 100.0, 99.90974729241877, 99.36823104693141, 97.29241877256318, 95.93862815884476, 98.73646209386281], "val_loss": [0.214576527263437, 0.04688754583309804, 0.01874789318868092, 0.0011764580321531476, 0.0009147547631333249, 0.0005573482785361453, 0.13243308958730526, 0.009007640399171837, 0.020832136808894574, 0.0034255952470370436], "val_accuracy": [91.87725631768953, 98.64620938628158, 99.45848375451264, 100.0, 100.0, 100.0, 96.11913357400722, 99.54873646209386, 99.63898916967509, 99.90974729241877], "best_epoch": 4, "best_val_acc": 100.0, "model_info": {"total_params": 85802501, "trainable_params": 85802501, "non_trainable_params": 0, "size_mb": 327.3105659484863}}