{
  "classification_report": {
    "bakso": {
      "precision": 1.0,
      "recall": 1.0,
      "f1-score": 1.0,
      "support": 220.0
    },
    "gado_gado": {
      "precision": 0.9953703703703703,
      "recall": 1.0,
      "f1-score": 0.9976798143851509,
      "support": 215.0
    },
    "nasi_goreng": {
      "precision": 1.0,
      "recall": 1.0,
      "f1-score": 1.0,
      "support": 234.0
    },
    "rendang": {
      "precision": 1.0,
      "recall": 0.9955947136563876,
      "f1-score": 0.9977924944812362,
      "support": 227.0
    },
    "soto_ayam": {
      "precision": 1.0,
      "recall": 1.0,
      "f1-score": 1.0,
      "support": 212.0
    },
    "accuracy": 0.9990974729241877,
    "macro avg": {
      "precision": 0.999074074074074,
      "recall": 0.9991189427312775,
      "f1-score": 0.9990944617732774,
      "support": 1108.0
    },
    "weighted avg": {
      "precision": 0.9991016512902794,
      "recall": 0.9990974729241877,
      "f1-score": 0.9990975237726066,
      "support": 1108.0
    }
  },
  "inference_metrics": {
    "avg_time_ms": 11.683280502415737,
    "total_time": 12.945074796676636,
    "throughput": 85.59239845292008,
    "num_images": 1108,
    "hardware": "GPU: NVIDIA GeForce RTX 3050 Laptop GPU",
    "per_class_metrics": {
      "bakso": {
        "precision": 1.0,
        "recall": 1.0,
        "f1_score": 1.0,
        "support": 220
      },
      "gado_gado": {
        "precision": 0.9953703703703703,
        "recall": 1.0,
        "f1_score": 0.9976798143851509,
        "support": 215
      },
      "nasi_goreng": {
        "precision": 1.0,
        "recall": 1.0,
        "f1_score": 1.0,
        "support": 234
      },
      "rendang": {
        "precision": 1.0,
        "recall": 0.9955947136563876,
        "f1_score": 0.9977924944812362,
        "support": 227
      },
      "soto_ayam": {
        "precision": 1.0,
        "recall": 1.0,
        "f1_score": 1.0,
        "support": 212
      }
    },
    "weighted_avg": {
      "precision": 0.9991016512902794,
      "recall": 0.9990974729241877,
      "f1_score": 0.9990975237726066
    }
  }
}